State,LGA_NAME_FULL,LGA_NAME
New South Wales,Berrigan Shire Council,Berrigan
New South Wales,Bland Shire Council,Bland
New South Wales,Blayney Shire Council,Blayney
New South Wales,Dungog Shire Council,Dungog
New South Wales,Edward River Council,Edward River
New South Wales,Forbes Shire Council,Forbes
New South Wales,Glen Innes Severn Council,Glen Innes Severn
New South Wales,Gwydir Shire Council,Gwydir
New South Wales,Junee Shire Council,Junee
New South Wales,Kyogle Council,Kyogle
New South Wales,Lachlan Council,Lachlan
New South Wales,Liverpool Plains Shire Council,Liverpool Plains
New South Wales,Narrandera Shire Council,Narrandera
New South Wales,Narromine Shire Council,Narromine
New South Wales,Oberon Council,Oberon
New South Wales,Temora Shire Council,Temora
New South Wales,Tenterfield Shire Council,Tenterfield
New South Wales,Upper Lachlan Shire Council,Upper Lachlan
New South Wales,Uralla Shire Council,Uralla
New South Wales,Walgett Shire Council,Walgett
New South Wales,Warrumbungle Shire Council,Warrumbungle
New South Wales,Wentworth Shire Council,Wentworth
New South Wales,Balranald Shire Council,Balranald
New South Wales,Bogan Shire Council,Bogan
New South Wales,Bourke Shire Council,Bourke
New South Wales,Carrathool Shire Council,Carrathool
New South Wales,Coolamon Shire Council,Coolamon
New South Wales,Coonamble Shire Council,Coonamble
New South Wales,Gilgandra Council,Gilgandra
New South Wales,Hay Shire Council,Hay
New South Wales,Lockhart Shire Council,Lockhart
New South Wales,Murrumbidgee Council,Murrumbidgee
New South Wales,Walcha Council,Walcha
New South Wales,Warren Shire Council,Warren
New South Wales,Weddin Shire Council,Weddin
New South Wales,Brewarrina Shire Council,Brewarrina
New South Wales,Bellingen Shire Council,Bellingen
New South Wales,Cabonne Shire Council,Cabonne
New South Wales,Cootamundra-Gundagai Regional Council,Cootamundra-Gundagai
New South Wales,Cowra Shire Council,Cowra
New South Wales,Federation Council,Federation
New South Wales,Greater Hume Shire Council,Greater Hume
New South Wales,Gunnedah Shire Council,Gunnedah
New South Wales,Hilltops Council,Hilltops
New South Wales,Inverell Shire Council,Inverell
New South Wales,Leeton Shire Council,Leeton
New South Wales,Moree Plains Shire Council,Moree Plains
New South Wales,Murray River Council,Murray River
New South Wales,Muswellbrook Shire Council,Muswellbrook
New South Wales,Nambucca Valley Council,Nambucca Valley
New South Wales,Narrabri Shire Council,Narrabri
New South Wales,Parkes Shire Council,Parkes
New South Wales,Snowy Valleys Council,Snowy Valleys
New South Wales,Upper Hunter Shire Council,Upper Hunter
New South Wales,Yass Valley Council,Yass Valley
New South Wales,Cobar Shire Council,Cobar
New South Wales,Central Darling Shire Council,Central Darling
New South Wales,Lord Howe Island Board,
New South Wales,Silverton Village Committee Incorporated,
New South Wales,Tibooburra Village Committee Incorporated,
New South Wales,The Council of the City of Sydney,Sydney
New South Wales,City of Canada Bay Council,Canada Bay
New South Wales,North Sydney Council,North Sydney
New South Wales,Waverley Council,Waverley
New South Wales,Willoughby City Council,Willoughby
New South Wales,Burwood Council,Burwood
New South Wales,Council of the Municipality of Woollahra,Woollahra
New South Wales,Lane Cove Municipal Council,Lane Cove
New South Wales,Mosman Municipal Council,Mosman
New South Wales,Strathfield Municipal Council,Strathfield
New South Wales,Hunter's Hill Council,Hunters Hill
New South Wales,Bayside Council,Bayside (NSW)
New South Wales,Blacktown City Council,Blacktown
New South Wales,Canterbury-Bankstown Council,Canterbury-Bankstown
New South Wales,City of Parramatta Council,Parramatta
New South Wales,Council of the City of Ryde,Ryde
New South Wales,Cumberland Council,Cumberland
New South Wales,Fairfield City Council,Fairfield
New South Wales,Georges River Council,Georges River
New South Wales,Inner West Council,Inner West
New South Wales,Ku-Ring-Gai Council,Ku-ring-gai
New South Wales,Liverpool City Council,Liverpool
New South Wales,Northern Beaches Council,Northern Beaches
New South Wales,Randwick City Council,Randwick
New South Wales,Sutherland Shire Council,Sutherland
New South Wales,Blue Mountains City Council,Blue Mountains
New South Wales,The Council of Camden,Camden
New South Wales,Hawkesbury City Council,Hawkesbury
New South Wales,Wollondilly Shire Council,Wollondilly
New South Wales,Campbelltown City Council,Campbelltown (NSW)
New South Wales,Central Coast Council (NSW),Central Coast (NSW)
New South Wales,Hornsby Shire Council,Hornsby
New South Wales,Penrith City Council,Penrith
New South Wales,The Hills Shire Council,The Hills
New South Wales,Coffs Harbour City Council,Coffs Harbour
New South Wales,Council of the City of Shellharbour,Shellharbour
New South Wales,Maitland City Council,Maitland
New South Wales,Mid-Coast Council,Mid-Coast
New South Wales,Port Macquarie Hastings Council,Port Macquarie-Hastings
New South Wales,Port Stephens Council,Port Stephens
New South Wales,Shoalhaven City Council,Shoalhaven
New South Wales,Tweed Shire Council,Tweed
New South Wales,Albury City Council,Albury
New South Wales,Armidale Regional Council,Armidale
New South Wales,Ballina Shire Council,Ballina
New South Wales,Bathurst Regional Council,Bathurst
New South Wales,Bega Valley Shire Council,Bega Valley
New South Wales,Byron Shire Council,Byron
New South Wales,Cessnock City Council,Cessnock
New South Wales,Clarence Valley Council,Clarence Valley
New South Wales,Dubbo Regional Council,Dubbo
New South Wales,Eurobodalla Shire Council,Eurobodalla
New South Wales,Goulburn Mulwaree Council,Goulburn Mulwaree
New South Wales,Lismore City Council,Lismore
New South Wales,Orange City Council,Orange
New South Wales,Queanbeyan-Palerang Regional Council,Queanbeyan-Palerang
New South Wales,Tamworth Regional Council,Tamworth
New South Wales,Wagga Wagga City Council,Wagga Wagga
New South Wales,Wingecarribee Shire Council,Wingecarribee
New South Wales,City of Lithgow Council,Lithgow
New South Wales,Council of the City of Broken Hill,Broken Hill
New South Wales,Griffith City Council,Griffith
New South Wales,Kempsey Shire Council,Kempsey
New South Wales,Kiama Municipal Council,Kiama
New South Wales,Mid-Western Regional Council,Mid-Western
New South Wales,Richmond Valley Council,Richmond Valley
New South Wales,Singleton Council,Singleton
New South Wales,Snowy Monaro Regional Council,Snowy Monaro
New South Wales,Lake Macquarie City Council,Lake Macquarie
New South Wales,Newcastle City Council,Newcastle
New South Wales,Wollongong City Council,Wollongong
Northern Territory,Barkly Regional Council,Barkly
Northern Territory,Central Desert Regional Council,Central Desert
Northern Territory,East Arnhem Regional Council,East Arnhem
Northern Territory,MacDonnell Regional Council,MacDonnell
Northern Territory,Roper Gulf Regional Council,Roper Gulf
Northern Territory,Victoria Daly Regional Council,Victoria Daly
Northern Territory,West Arnhem Regional Council,West Arnhem
Northern Territory,West Daly Regional Council,West Daly
Northern Territory,Coomalie Community Government Council,Coomalie
Northern Territory,Tiwi Islands Regional Council,Tiwi Islands
Northern Territory,Wagait Shire Council,Wagait
Northern Territory,Belyuen Community Government Council,Belyuen
Northern Territory,City of Darwin ,Darwin
Northern Territory,Litchfield Council,Litchfield
Northern Territory,City of Palmerston,Palmerston
Northern Territory,Alice Springs Town Council,Alice Springs
Northern Territory,Katherine Town Council,Katherine
Queensland,Balonne Shire Council,Balonne
Queensland,Banana Shire Council,Banana
Queensland,Burdekin Shire Council,Burdekin
Queensland,Charters Towers Regional Council,Charters Towers
Queensland,Douglas Shire Council,Douglas
Queensland,Goondiwindi Regional Council,Goondiwindi
Queensland,Hinchinbrook Shire Council,Hinchinbrook
Queensland,Maranoa Regional Council,Maranoa
Queensland,North Burnett Regional Council,North Burnett
Queensland,Cloncurry Shire Council,Cloncurry
Queensland,Cook Shire Council,Cook
Queensland,Longreach Regional Council,Longreach
Queensland,Mount Isa City Council,Mount Isa
Queensland,Murweh Shire Council,Murweh
Queensland,Northern Peninsula Area Regional Council,Northern Peninsula Area
Queensland,Torres Shire Council,Torres
Queensland,Torres Strait Island Regional Council,Torres Strait Island
Queensland,Aurukun Shire Council,Aurukun
Queensland,Barcaldine Regional Council,Barcaldine
Queensland,Blackall-Tambo Regional Council,Blackall Tambo
Queensland,Carpentaria Shire Council,Carpentaria
Queensland,Cherbourg Aboriginal Shire Council,Cherbourg
Queensland,Doomadgee Aboriginal Community Council,Doomadgee
Queensland,Flinders Shire Council,Flinders (Qld)
Queensland,Hope Vale Aboriginal Shire Council,Hope Vale
Queensland,Mornington Shire Council,Mornington
Queensland,Napranum Aboriginal Shire Council,Napranum
Queensland,Palm Island Aboriginal Council,Palm Island
Queensland,Paroo Shire Council,Paroo
Queensland,Winton Shire Council,Winton
Queensland,Woorabinda Aboriginal Council,Woorabinda
Queensland,Yarrabah Aboriginal Shire Council,Yarrabah
Queensland,Boulia Shire Council,Boulia
Queensland,Etheridge Shire Council,Etheridge
Queensland,Kowanyama Aboriginal Shire Council,Kowanyama
Queensland,Lockhart River Aboriginal Shire Council,Lockhart River
Queensland,Mckinlay Shire Council,McKinlay
Queensland,Pormpuraaw Aboriginal Shire Council,Pormpuraaw
Queensland,Quilpie Shire Council,Quilpie
Queensland,Richmond Shire Council,Richmond
Queensland,Barcoo Shire Council,Barcoo
Queensland,Bulloo Shire Council,Bulloo
Queensland,Burke Shire Council,Burke
Queensland,Croydon Shire Council,Croydon
Queensland,Diamantina Shire Council,Diamantina
Queensland,Mapoon Aboriginal Council,Mapoon
Queensland,Wujal Wujal Aboriginal Council,Wujal Wujal
Queensland,Brisbane City Council,Brisbane
Queensland,Livingstone Shire Council,Livingstone
Queensland,Scenic Rim Regional Council,Scenic Rim
Queensland,Somerset Regional Council,Somerset
Queensland,Bundaberg Regional Council,Bundaberg
Queensland,Fraser Coast Regional Council,Fraser Coast
Queensland,Mackay Regional Council,Mackay
Queensland,Rockhampton Regional Council,Rockhampton
Queensland,Gladstone Regional Council,Gladstone
Queensland,Gympie Regional Council,Gympie
Queensland,Lockyer Valley Regional Council,Lockyer Valley
Queensland,Noosa Shire Council,Noosa
Queensland,South Burnett Regional Council,South Burnett
Queensland,Southern Downs Regional Council,Southern Downs
Queensland,Western Downs Regional Council,Western Downs
Queensland,Whitsunday Regional Council,Whitsunday
Queensland,Cassowary Coast Regional Council,Cassowary Coast
Queensland,Central Highlands Regional Council,Central Highlands (Qld)
Queensland,Isaac Regional Council,Isaac
Queensland,Mareeba Shire Council,Mareeba
Queensland,Tablelands Regional Council,Tablelands
Queensland,Cairns Regional Council,Cairns
Queensland,Gold Coast City Council,Gold Coast
Queensland,Ipswich City Council,Ipswich
Queensland,Logan City Council,Logan
Queensland,Moreton Bay Regional Council,Moreton Bay
Queensland,Redland City Council,Redland
Queensland,Sunshine Coast Regional Council,Sunshine Coast
Queensland,Toowoomba Regional Council,Toowoomba
Queensland,Townsville City Council,Townsville
South Australia,Adelaide Plains Council,Adelaide Plains
South Australia,Clare & Gilbert Valleys Council,Clare and Gilbert Valleys
South Australia,Coorong District Council,Coorong
South Australia,District Council of Grant,Grant
South Australia,District Council of Lower Eyre Peninsula,Lower Eyre Peninsula
South Australia,Mid Murray Council,Mid Murray
South Australia,Naracoorte Lucindale Council,Naracoorte Lucindale
South Australia,Renmark Paringa Council,Renmark Paringa
South Australia,Tatiara District Council,Tatiara
South Australia,Wakefield Regional Council,Wakefield
South Australia,Barunga West Council,Barunga West
South Australia,District Council of Ceduna,Ceduna
South Australia,District Council of Mount Remarkable,Mount Remarkable
South Australia,District Council of Streaky Bay,Streaky Bay
South Australia,District Council of Tumby Bay,Tumby Bay
South Australia,Kangaroo Island Council,Kangaroo Island
South Australia,Kingston District Council,Kingston (SA)
South Australia,Northern Areas Council,Northern Areas
South Australia,Regional Council of Goyder,Goyder
South Australia,Southern Mallee District Council,Southern Mallee
South Australia,District Council of Cleve,Cleve
South Australia,District Council of Elliston,Elliston
South Australia,District Council of Franklin Harbour,Franklin Harbour
South Australia,District Council of Karoonda East Murray,Karoonda East Murray
South Australia,District Council of Kimba,Kimba
South Australia,District Council of Orroroo Carrieton,Orroroo Carrieton
South Australia,District Council of Peterborough,Peterborough
South Australia,District Council of Robe,Robe
South Australia,The Flinders Ranges Council,Flinders Ranges
South Australia,Wudinna District Council,Wudinna
South Australia,Berri Barmera Council,Berri Barmera
South Australia,Copper Coast Council,Copper Coast
South Australia,District Council of Loxton Waikerie,Loxton Waikerie
South Australia,Light Regional Council,Light
South Australia,Port Pirie Regional Council,Port Pirie
South Australia,Wattle Range Council,Wattle Range
South Australia,Yorke Peninsula Council,Yorke Peninsula
South Australia,District Council of Yankalilla,Yankalilla
South Australia,The Corporation of the City of Adelaide,Adelaide
South Australia,City of Charles Sturt,Charles Sturt
South Australia,City of Tea Tree Gully,Tea Tree Gully
South Australia,Corporation of the City of Marion,Marion
South Australia,City of Burnside,Burnside
South Australia,City of Holdfast Bay,Holdfast Bay
South Australia,City of Mitcham,Mitcham
South Australia,Town of Gawler,Gawler
South Australia,City of West Torrens,West Torrens
South Australia,Corporation of the City of Campbelltown,Campbelltown (SA)
South Australia,Corporation of the City of Norwood Payneham & St Peters,Norwood Payneham and St Peters
South Australia,Corporation of the City of Unley,Unley
South Australia,City of Prospect,Prospect
South Australia,Corporation of the Town of Walkerville,Walkerville
South Australia,City of Port Adelaide Enfield,Port Adelaide Enfield
South Australia,City of Salisbury,Salisbury
South Australia,City of Playford,Playford
South Australia,Adelaide Hills Council,Adelaide Hills
South Australia,Alexandrina Council,Alexandrina
South Australia,The Barossa Council,Barossa
South Australia,City of Onkaparinga,Onkaparinga
South Australia,District Council of Mount Barker,Mount Barker
South Australia,City of Mount Gambier,Mount Gambier
South Australia,City of Port Lincoln,Port Lincoln
South Australia,City of Victor Harbor,Victor Harbor
South Australia,Corporation of the City of Port Augusta,Port Augusta
South Australia,Corporation of the City of Whyalla,Whyalla
South Australia,District Council of Coober Pedy,Coober Pedy
South Australia,Municipal Council of Roxby Downs,Roxby Downs
South Australia,Rural City of Murray Bridge,Murray Bridge
Tasmania,Break O'day Council,Break O'Day
Tasmania,Circular Head Council,Circular Head
Tasmania,Dorset Council,Dorset
Tasmania,George Town Council,George Town
Tasmania,Kentish Council,Kentish
Tasmania,Southern Midlands Council,Southern Midlands
Tasmania,Central Highlands Council,Central Highlands (Tas.)
Tasmania,Glamorgan Spring Bay Council,Glamorgan-Spring Bay
Tasmania,Tasman Council,Tasman
Tasmania,West Coast Council,West Coast
Tasmania,Flinders Council,Flinders (Tas.)
Tasmania,King Island Council,King Island
Tasmania,Derwent Valley Council,Derwent Valley
Tasmania,Huon Valley Council,Huon Valley
Tasmania,Latrobe Council,Latrobe (Tas.)
Tasmania,Meander Valley Council,Meander Valley
Tasmania,Northern Midlands Council,Northern Midlands
Tasmania,Sorell Council,Sorell
Tasmania,Waratah-Wynyard Council,Waratah-Wynyard
Tasmania,Hobart City Council,Hobart
Tasmania,Clarence City Council,Clarence
Tasmania,Glenorchy City Council,Glenorchy
Tasmania,Kingborough Council,Kingborough
Tasmania,Brighton Council,Brighton
Tasmania,West Tamar Council,West Tamar
Tasmania,Launceston City Council,Launceston
Tasmania,Burnie City Council,Burnie
Tasmania,Central Coast Council,Central Coast (Tas.)
Tasmania,Devonport City Council,Devonport
Victoria,Buloke Shire Council,Buloke
Victoria,Hindmarsh Shire Council,Hindmarsh
Victoria,Loddon Shire Council,Loddon
Victoria,Mansfield Shire Council,Mansfield
Victoria,Pyrenees Shire Council,Pyrenees
Victoria,Shire of Towong,Towong
Victoria,Yarriambiack Shire Council,Yarriambiack
Victoria,West Wimmera Shire Council,West Wimmera
Victoria,Alpine Shire,Alpine
Victoria,Ararat Rural City Council,Ararat
Victoria,Benalla Rural City Council,Benalla
Victoria,Central Goldfields Shire Council,Central Goldfields
Victoria,Corangamite Shire Council,Corangamite
Victoria,Gannawarra Shire Council,Gannawarra
Victoria,Glenelg Shire Council,Glenelg
Victoria,Hepburn Shire Council,Hepburn
Victoria,Horsham Rural City Council,Horsham
Victoria,Indigo Shire Council,Indigo
Victoria,Mount Alexander Shire Council,Mount Alexander
Victoria,Murrindindi Shire Council,Murrindindi
Victoria,Northern Grampians Shire Council,Northern Grampians
Victoria,Shire of Moyne,Moyne
Victoria,Shire of Strathbogie,Strathbogie
Victoria,Southern Grampians Shire Council,Southern Grampians
Victoria,Melbourne City Council (City of Melbourne),Melbourne
Victoria,Bayside City Council,Bayside (Vic.)
Victoria,City of Maribyrnong,Maribyrnong
Victoria,City of Port Phillip,Port Phillip
Victoria,Hobsons Bay City Council,Hobsons Bay
Victoria,Maroondah City Council,Maroondah
Victoria,Stonnington City Council,Stonnington
Victoria,Yarra City Council,Yarra
Victoria,Banyule City Council,Banyule
Victoria,Brimbank City Council,Brimbank
Victoria,Casey City Council,Casey
Victoria,City of Boroondara,Boroondara
Victoria,City of Darebin,Darebin
Victoria,City of Glen Eira,Glen Eira
Victoria,City of Greater Dandenong,Greater Dandenong
Victoria,City of Knox,Knox
Victoria,Frankston City Council,Frankston
Victoria,Kingston City Council,Kingston (Vic.)
Victoria,Manningham City Council,Manningham
Victoria,Merri-bek City Council (formerly Moreland City Council),Merri-bek
Victoria,Monash City Council,Monash
Victoria,Moonee Valley City Council,Moonee Valley
Victoria,Whitehorse City Council,Whitehorse
Victoria,Cardinia Shire Council,Cardinia
Victoria,Bass Coast Shire Council,Bass Coast
Victoria,Nillumbik Shire Council,Nillumbik
Victoria,Surf Coast Shire,Surf Coast
Victoria,Borough of Queenscliffe,Queenscliffe
Victoria,Golden Plains Shire Council,Golden Plains
Victoria,City of Whittlesea,Whittlesea
Victoria,Hume City Council,Hume
Victoria,Melton City Council,Melton
Victoria,Mornington Peninsula Shire Council,Mornington Peninsula
Victoria,Wyndham City Council,Wyndham
Victoria,Yarra Ranges Shire Council,Yarra Ranges
Victoria,Ballarat City Council,Ballarat
Victoria,Greater Bendigo City Council,Greater Bendigo
Victoria,Latrobe City Council,Latrobe (Vic.)
Victoria,Baw Baw Shire Council,Baw Baw
Victoria,Campaspe Shire Council,Campaspe
Victoria,East Gippsland Shire Council,East Gippsland
Victoria,Greater Shepparton City Council,Greater Shepparton
Victoria,Macedon Ranges Shire Council,Macedon Ranges
Victoria,Mildura Rural City Council,Mildura
Victoria,Mitchell Shire Council,Mitchell
Victoria,Moorabool Shire Council,Moorabool
Victoria,Warrnambool City Council,Warrnambool
Victoria,Wellington Shire Council,Wellington
Victoria,Wodonga City Council,Wodonga
Victoria,Colac Otway Shire,Colac Otway
Victoria,Moira Shire Council,Moira
Victoria,South Gippsland Shire Council,South Gippsland
Victoria,Swan Hill Rural City Council,Swan Hill
Victoria,Wangaratta Rural City Council,Wangaratta
Victoria,City of Greater Geelong,Greater Geelong
Western Australia,City of Albany,Albany
Western Australia,City of Armadale,Armadale
Western Australia,Shire of Ashburton,Ashburton
Western Australia,Shire of Augusta Margaret River,Augusta Margaret River
Western Australia,Town of Bassendean,Bassendean
Western Australia,City of Bayswater,Bayswater
Western Australia,City of Belmont,Belmont
Western Australia,Shire of Beverley,Beverley
Western Australia,Shire of Boddington,Boddington
Western Australia,Shire of Boyup Brook,Boyup Brook
Western Australia,Shire of Bridgetown Greenbushes,Bridgetown-Greenbushes
Western Australia,Shire of Brookton,Brookton
Western Australia,Shire of Broome,Broome
Western Australia,Shire of Broomehill-Tambellup,Broomehill-Tambellup
Western Australia,Shire of Bruce Rock,Bruce Rock
Western Australia,City of Bunbury,Bunbury
Western Australia,City of Busselton,Busselton
Western Australia,Town of Cambridge,Cambridge
Western Australia,City of Canning,Canning
Western Australia,Shire of Capel,Capel
Western Australia,Shire of Carnamah,Carnamah
Western Australia,Shire of Carnarvon,Carnarvon
Western Australia,Shire of Chapman Valley,Chapman Valley
Western Australia,Shire of Chittering,Chittering
Western Australia,Town of Claremont,Claremont
Western Australia,City of Cockburn,Cockburn
Western Australia,Shire of Collie,Collie
Western Australia,Shire of Coolgardie,Coolgardie
Western Australia,Shire of Coorow,Coorow
Western Australia,Shire of Corrigin,Corrigin
Western Australia,Town of Cottesloe,Cottesloe
Western Australia,Shire of Cranbrook,Cranbrook
Western Australia,Shire of Cuballing,Cuballing
Western Australia,Shire of Cue,Cue
Western Australia,Shire of Cunderdin,Cunderdin
Western Australia,Shire of Dalwallinu,Dalwallinu
Western Australia,Shire of Dandaragan,Dandaragan
Western Australia,Shire of Denmark,Denmark
Western Australia,Shire of Derby-West Kimberley,Derby-West Kimberley
Western Australia,Shire of Donnybrook-Balingup,Donnybrook-Balingup
Western Australia,Shire of Dowerin,Dowerin
Western Australia,Shire of Dumbleyung,Dumbleyung
Western Australia,Shire of Dundas,Dundas
Western Australia,Town of East Fremantle,East Fremantle
Western Australia,Shire of East Pilbara,East Pilbara
Western Australia,Shire of Esperance,Esperance
Western Australia,Shire of Exmouth,Exmouth
Western Australia,City of Fremantle,Fremantle
Western Australia,Shire of Gingin,Gingin
Western Australia,Shire of Gnowangerup,Gnowangerup
Western Australia,Shire of Goomalling,Goomalling
Western Australia,City of Gosnells,Gosnells
Western Australia,City of Greater Geraldton,Greater Geraldton
Western Australia,Shire of Halls Creek,Halls Creek
Western Australia,Shire of Harvey,Harvey
Western Australia,Shire of Irwin,Irwin
Western Australia,Shire of Jerramungup,Jerramungup
Western Australia,City of Joondalup,Joondalup
Western Australia,City of Kalamunda,Kalamunda
Western Australia,City of Kalgoorlie-Boulder,Kalgoorlie-Boulder
Western Australia,City of Karratha,Karratha
Western Australia,Shire of Katanning,Katanning
Western Australia,Shire of Kellerberrin,Kellerberrin
Western Australia,Shire of Kent,Kent
Western Australia,Shire of Kojonup,Kojonup
Western Australia,Shire of Kondinin,Kondinin
Western Australia,Shire of Koorda,Koorda
Western Australia,Shire of Kulin,Kulin
Western Australia,City of Kwinana,Kwinana
Western Australia,Shire of Lake Grace,Lake Grace
Western Australia,Shire of Laverton,Laverton
Western Australia,Shire of Leonora,Leonora
Western Australia,City of Mandurah,Mandurah
Western Australia,Shire of Manjimup,Manjimup
Western Australia,Shire of Meekatharra,Meekatharra
Western Australia,City of Melville,Melville
Western Australia,Shire of Menzies,Menzies
Western Australia,Shire of Merredin,Merredin
Western Australia,Shire of Mingenew,Mingenew
Western Australia,Shire of Moora,Moora
Western Australia,Shire of Morawa,Morawa
Western Australia,Town of Mosman Park,Mosman Park
Western Australia,Shire of Mount Magnet,Mount Magnet
Western Australia,Shire of Mount Marshall,Mount Marshall
Western Australia,Shire of Mukinbudin,Mukinbudin
Western Australia,Shire of Mundaring,Mundaring
Western Australia,Shire of Murchison,Murchison
Western Australia,Shire of Murray,Murray
Western Australia,Shire of Nannup,Nannup
Western Australia,Shire of Narembeen,Narembeen
Western Australia,Shire of Narrogin,Narrogin
Western Australia,City of Nedlands,Nedlands
Western Australia,Shire of Ngaanyatjarraku,Ngaanyatjarraku
Western Australia,Shire of Northam,Northam
Western Australia,Shire of Northampton,Northampton
Western Australia,Shire of Nungarin,Nungarin
Western Australia,Shire of Peppermint Grove,Peppermint Grove
Western Australia,Shire of Perenjori,Perenjori
Western Australia,City of Perth,Perth
Western Australia,Shire of Pingelly,Pingelly
Western Australia,Shire of Plantagenet,Plantagenet
Western Australia,Town of Port Hedland,Port Hedland
Western Australia,Shire of Quairading,Quairading
Western Australia,Shire of Ravensthorpe,Ravensthorpe
Western Australia,City of Rockingham,Rockingham
Western Australia,Shire of Sandstone,Sandstone
Western Australia,Shire of Serpentine-Jarrahdale,Serpentine-Jarrahdale
Western Australia,Shire of Shark Bay,Shark Bay
Western Australia,City of South Perth,South Perth
Western Australia,City of Stirling,Stirling
Western Australia,City of Subiaco,Subiaco
Western Australia,City of Swan,Swan
Western Australia,Shire of Tammin,Tammin
Western Australia,Shire of Three Springs,Three Springs
Western Australia,Shire of Toodyay,Toodyay
Western Australia,Shire of Trayning,Trayning
Western Australia,Shire of Upper Gascoyne,Upper Gascoyne
Western Australia,Town of Victoria Park,Victoria Park
Western Australia,Shire of Victoria Plains,Victoria Plains
Western Australia,City of Vincent,Vincent
Western Australia,Shire of Wagin,Wagin
Western Australia,Shire of Wandering,Wandering
Western Australia,City of Wanneroo,Wanneroo
Western Australia,Shire of Waroona,Waroona
Western Australia,Shire of West Arthur,West Arthur
Western Australia,Shire of Westonia,Westonia
Western Australia,Shire of Wickepin,Wickepin
Western Australia,Shire of Williams,Williams
Western Australia,Shire of Wiluna,Wiluna
Western Australia,Shire of Wongan-Ballidu,Wongan-Ballidu
Western Australia,Shire of Woodanilling,Woodanilling
Western Australia,Shire of Wyalkatchem,Wyalkatchem
Western Australia,Shire of Wyndham-East Kimberley,Wyndham-East Kimberley
Western Australia,Shire of Yalgoo,Yalgoo
Western Australia,Shire of Yilgarn,Yilgarn
Western Australia,Shire of York,York
